State Code,District Code,Sub District Code,India/ State/ Union Territory/ District/ Sub-district,Name,"Total/
Rural/
Urban",Number of villages Inhabited,Number of villages Uninhabited,Number of towns,Number of households,Persons,Males,Females,Area In sq. km,Population per sq. km.
1,1,0,DISTRICT,Kupwara,Total,353,9,10,113929,870354,474190,396164,2379,366
1,2,0,DISTRICT,Badgam,Total,462,12,9,103363,753745,398041,355704,1361,554
1,3,0,DISTRICT,Leh(Ladakh),Total,111,1,3,21909,133487,78971,54516,45110,3
1,4,0,DISTRICT,Kargil,Total,125,2,1,18338,140802,77785,63017,14036,10
1,5,0,DISTRICT,Punch,Total,170,8,3,90261,476835,251899,224936,1674,285
1,6,0,DISTRICT,Rajouri,Total,375,10,4,130401,642415,345351,297064,2630,244
1,7,0,DISTRICT,Kathua,Total,496,16,6,119583,616435,326109,290326,2502,246
1,8,0,DISTRICT,Baramula,Total,509,9,7,152635,1008039,534733,473306,4243,238
1,9,0,DISTRICT,Bandipore,Total,119,3,3,58392,392232,207680,184552,345,1137
1,10,0,DISTRICT,Srinagar,Total,11,0,5,191678,1236829,651124,585705,1979,625
1,11,0,DISTRICT,Ganderbal,Total,113,2,3,45361,297446,158720,138726,259,1148
1,12,0,DISTRICT,Pulwama,Total,319,10,5,86241,560440,293064,267376,1086,516
1,13,0,DISTRICT,Shupiyan,Total,226,3,1,44411,266215,136480,129735,312,853
1,14,0,DISTRICT,Anantnag,Total,335,7,12,153640,1078692,559767,518925,3574,302
1,15,0,DISTRICT,Kulgam,Total,226,5,7,73728,424483,217620,206863,410,1035
1,16,0,DISTRICT,Doda,Total,402,4,2,79636,409936,213641,196295,8912,46
1,17,0,DISTRICT,Ramban,Total,127,2,3,55490,283713,149132,134581,1329,213
1,18,0,DISTRICT,Kishtwar,Total,155,2,1,45209,230696,120165,110531,1644,140
1,19,0,DISTRICT,Udhampur,Total,325,6,6,99240,554985,296784,258201,2637,210
1,20,0,DISTRICT,Reasi,Total,253,2,5,56689,314667,166461,148206,1719,183
1,21,0,DISTRICT,Jammu,Total,780,72,20,314199,1529958,813821,716137,2342,653
1,22,0,DISTRICT,Samba,Total,345,31,6,65385,318898,169124,149774,904,353
2,23,0,DISTRICT,Chamba,Total,1110,481,5,102460,519080,261320,257760,6522,80
2,24,0,DISTRICT,Kangra,Total,3617,252,9,338887,1510075,750591,759484,5739,263
2,25,0,DISTRICT,Lahul & Spiti,Total,280,241,0,6674,31564,16588,14976,13841,2
2,26,0,DISTRICT,Kullu,Total,314,12,5,94807,437903,225452,212451,5503,80
2,27,0,DISTRICT,Mandi,Total,2850,488,5,219145,999777,498065,501712,3950,253
2,28,0,DISTRICT,Hamirpur,Total,1671,54,4,105519,454768,217070,237698,1118,407
2,29,0,DISTRICT,Una,Total,790,58,5,110332,521173,263692,257481,1540,338
2,30,0,DISTRICT,Bilaspur,Total,953,108,4,80485,381956,192764,189192,1167,327
2,31,0,DISTRICT,Solan,Total,2383,161,8,122425,580320,308754,271566,1936,300
2,32,0,DISTRICT,Sirmaur,Total,968,8,3,98208,529855,276289,253566,2825,188
2,33,0,DISTRICT,Shimla,Total,2705,526,11,184362,814010,425039,388971,5131,159
2,34,0,DISTRICT,Kinnaur,Total,241,419,0,19976,84121,46249,37872,6401,13
3,35,0,DISTRICT,Gurdaspur,Total,1515,80,27,443666,2298323,1212617,1085706,3551,647
3,36,0,DISTRICT,Kapurthala ,Total,612,76,9,167989,815168,426311,388857,1633,499
3,37,0,DISTRICT,Jalandhar,Total,922,19,21,461635,2193590,1145211,1048379,2624,836
3,38,0,DISTRICT,Hoshiarpur,Total,1385,31,13,336994,1586625,809057,777568,3386,469
3,39,0,DISTRICT,Shahid Bhagat Singh Nagar ,Total,458,10,8,129500,612310,313291,299019,1282,478
3,40,0,DISTRICT,Fatehgarh Sahib,Total,442,4,5,118100,600163,320795,279368,1180,509
3,41,0,DISTRICT,Ludhiana,Total,885,22,20,716826,3498739,1867816,1630923,3578,978
3,42,0,DISTRICT,Moga,Total,319,6,5,193256,995746,525920,469826,2242,444
3,43,0,DISTRICT,Firozpur,Total,955,45,13,385994,2029074,1071637,957437,5305,382
3,44,0,DISTRICT,Muktsar,Total,233,1,4,174360,901896,475622,426274,2593,348
3,45,0,DISTRICT,Faridkot,Total,163,8,3,120893,617508,326671,290837,1458,424
3,46,0,DISTRICT,Bathinda,Total,279,2,12,273902,1388525,743197,645328,3353,414
3,47,0,DISTRICT,Mansa,Total,238,2,5,149630,769751,408732,361019,2198,350
3,48,0,DISTRICT,Patiala,Total,895,17,12,372293,1895686,1002522,893164,3325,570
3,49,0,DISTRICT,Amritsar ,Total,703,36,15,488898,2490656,1318408,1172248,2683,928
3,50,0,DISTRICT,Tarn Taran,Total,479,10,4,203421,1119627,589369,530258,2414,464
3,51,0,DISTRICT,Rupnagar,Total,591,20,8,135635,684627,357485,327142,1356,505
3,52,0,DISTRICT,Sahibzada Ajit Singh Nagar,Total,403,16,15,205411,994628,529253,465375,1094,909
3,53,0,DISTRICT,Sangrur,Total,564,7,13,318870,1655169,878029,777140,3625,457
3,54,0,DISTRICT,Barnala,Total,127,1,5,115798,595527,317522,278005,1482,402
4,55,0,DISTRICT,Chandigarh,Total,5,0,6,241173,1055450,580663,474787,114,9258
5,56,0,DISTRICT,Uttarkashi,Total,694,13,3,67602,330086,168597,161489,8016,41
5,57,0,DISTRICT,Chamoli,Total,1170,76,6,88964,391605,193991,197614,8030,49
5,58,0,DISTRICT,Rudraprayag,Total,653,35,2,53542,242285,114589,127696,1984,122
5,59,0,DISTRICT,Tehri Garhwal,Total,1774,88,7,132714,618931,297986,320945,3642,170
5,60,0,DISTRICT,Dehradun,Total,731,17,22,347001,1696694,892199,804495,3088,549
5,61,0,DISTRICT,Garhwal,Total,3142,331,8,161778,687271,326829,360442,5329,129
5,62,0,DISTRICT,Pithoragarh,Total,1572,103,3,114730,483439,239306,244133,7090,68
5,63,0,DISTRICT,Bageshwar,Total,874,73,1,58046,259898,124326,135572,2241,116
5,64,0,DISTRICT,"Almora
",Total,2184,105,5,140577,622506,291081,331425,3144,198
5,65,0,DISTRICT,Champawat,Total,662,55,4,53953,259648,131125,128523,1766,147
5,66,0,DISTRICT,Nainital,Total,1097,44,11,191383,954605,493666,460939,4251,225
5,67,0,DISTRICT,Udham Singh Nagar,Total,674,14,19,308581,1648902,858783,790119,2542,649
5,68,0,DISTRICT,Hardwar,Total,518,94,24,338104,1890422,1005295,885127,2360,801
6,69,0,DISTRICT,Panchkula,Total,206,13,8,117107,561293,299679,261614,898,625
6,70,0,DISTRICT,Ambala,Total,461,9,15,224334,1128350,598703,529647,1574,717
6,71,0,DISTRICT,Yamunanagar,Total,611,25,12,235423,1214205,646718,567487,1768,687
6,72,0,DISTRICT,Kurukshetra,Total,407,8,5,188143,964655,510976,453679,1530,630
6,73,0,DISTRICT,Kaithal,Total,267,2,4,204274,1074304,571003,503301,2317,464
6,74,0,DISTRICT,Karnal,Total,417,17,8,292084,1505324,797712,707612,2520,597
6,75,0,DISTRICT,Panipat,Total,176,10,12,235640,1205437,646857,558580,1268,951
6,76,0,DISTRICT,Sonipat,Total,319,13,8,277726,1450001,781299,668702,2122,683
6,77,0,DISTRICT,Jind,Total,302,4,6,249736,1334152,713006,621146,2702,494
6,78,0,DISTRICT,Fatehabad,Total,245,0,4,180637,942011,495360,446651,2538,371
6,79,0,DISTRICT,Sirsa,Total,327,3,5,246571,1295189,682582,612607,4277,303
6,80,0,DISTRICT,Hisar,Total,268,1,11,335608,1743931,931562,812369,3983,438
6,81,0,DISTRICT,Bhiwani,Total,442,2,6,311380,1634445,866672,767773,4778,342
6,82,0,DISTRICT,Rohtak,Total,136,7,5,206988,1061204,568479,492725,1745,608
6,83,0,DISTRICT,Jhajjar,Total,247,13,5,185334,958405,514667,443738,1834,523
6,84,0,DISTRICT,Mahendragarh,Total,369,1,5,171712,922088,486665,435423,1899,486
6,85,0,DISTRICT,Rewari,Total,389,14,9,178043,900332,474335,425997,1594,565
6,86,0,DISTRICT,Gurgaon,Total,229,13,9,326428,1514432,816690,697742,1258,1204
6,87,0,DISTRICT,Mewat ,Total,412,27,8,160280,1089263,571162,518101,1507,723
6,88,0,DISTRICT,Faridabad,Total,144,5,3,358919,1809733,966110,843623,741,2442
6,89,0,DISTRICT,Palwal ,Total,268,12,6,171157,1042708,554497,488211,1359,767
7,90,0,DISTRICT,North West,Total,48,4,34,736253,3656539,1960922,1695617,443,8254
7,91,0,DISTRICT,North,Total,2,2,4,180044,887978,475002,412976,61,14557
7,92,0,DISTRICT,North East,Total,8,1,15,406125,2241624,1188425,1053199,62,36155
7,93,0,DISTRICT,East,Total,1,0,7,358937,1709346,907500,801846,63,27132
7,94,0,DISTRICT,New Delhi,Total,0,0,0,33208,142004,77942,64062,35,4057
7,95,0,DISTRICT,Central,Total,0,0,0,119639,582320,307821,274499,21,27730
7,96,0,DISTRICT,West,Total,2,0,11,533221,2543243,1356240,1187003,130,19563
7,97,0,DISTRICT,South West,Total,39,2,19,494439,2292958,1246046,1046912,421,5446
7,98,0,DISTRICT,South,Total,3,0,23,574133,2731929,1467428,1264501,247,11060
8,99,0,DISTRICT,Ganganagar ,Total,2855,163,16,387511,1969168,1043340,925828,10978,179
8,100,0,DISTRICT,Hanumangarh,Total,1831,76,6,336192,1774692,931184,843508,9656,184
8,101,0,DISTRICT,Bikaner,Total,857,62,6,384944,2363937,1240801,1123136,30239,78
8,102,0,DISTRICT,Churu,Total,873,26,10,348984,2039547,1051446,988101,13835,147
8,103,0,DISTRICT,Jhunjhunun,Total,926,1,18,384197,2137045,1095896,1041149,5928,361
8,104,0,DISTRICT,Alwar,Total,2021,33,16,639720,3674179,1939026,1735153,8380,438
8,105,0,DISTRICT,Bharatpur,Total,1432,92,10,425414,2548462,1355726,1192736,5066,503
8,106,0,DISTRICT,Dhaulpur,Total,801,18,4,203754,1206516,653647,552869,3033,398
8,107,0,DISTRICT,Karauli,Total,851,37,4,262503,1458248,783639,674609,5524,264
8,108,0,DISTRICT,Sawai Madhopur,Total,758,56,4,254716,1335551,704031,631520,4498,297
8,109,0,DISTRICT,Dausa,Total,1079,30,5,292502,1634409,857787,776622,3432,476
8,110,0,DISTRICT,Jaipur,Total,2126,54,19,1177096,6626178,3468507,3157671,11143,595
8,111,0,DISTRICT,Sikar,Total,1162,5,15,444816,2677333,1374990,1302343,7732,346
8,112,0,DISTRICT,Nagaur,Total,1575,14,18,578809,3307743,1696325,1611418,17718,187
8,113,0,DISTRICT,Jodhpur,Total,1836,2,7,649013,3687165,1923928,1763237,22850,161
8,114,0,DISTRICT,Jaisalmer,Total,756,43,2,117171,669919,361708,308211,38401,17
8,115,0,DISTRICT,Barmer,Total,2452,8,4,451629,2603751,1369022,1234729,28387,92
8,116,0,DISTRICT,Jalor,Total,791,10,4,326134,1828730,936634,892096,10640,172
8,117,0,DISTRICT,Sirohi,Total,470,7,9,201785,1036346,534231,502115,5136,202
8,118,0,DISTRICT,Pali,Total,1017,13,11,418157,2037573,1025422,1012151,12387,164
8,119,0,DISTRICT,Ajmer,Total,1099,12,11,494832,2583052,1324085,1258967,8481,305
8,120,0,DISTRICT,Tonk,Total,1116,67,8,266870,1421326,728136,693190,7194,198
8,121,0,DISTRICT,Bundi,Total,867,6,9,220768,1110906,577160,533746,5776,192
8,122,0,DISTRICT,Bhilwara,Total,1790,44,9,498125,2408523,1220736,1187787,10455,230
8,123,0,DISTRICT,Rajsamand,Total,1037,13,9,243078,1156597,581339,575258,4655,248
8,124,0,DISTRICT,Dungarpur,Total,972,4,4,282029,1388552,696532,692020,3770,368
8,125,0,DISTRICT,Banswara,Total,1485,28,4,367797,1797485,907754,889731,4522,397
8,126,0,DISTRICT,Chittaurgarh,Total,1581,149,7,329119,1544338,783171,761167,7822,197
8,127,0,DISTRICT,Kota,Total,805,69,11,396501,1951014,1021161,929853,5217,374
8,128,0,DISTRICT,Baran,Total,1114,107,8,241428,1222755,633945,588810,6992,175
8,129,0,DISTRICT,Jhalawar,Total,1488,118,9,283295,1411129,725143,685986,6219,227
8,130,0,DISTRICT,Udaipur,Total,2471,8,17,623531,3068420,1566801,1501619,11724,262
8,131,0,DISTRICT,Pratapgarh,Total,970,33,3,178726,867848,437744,430104,4449,195
9,132,0,DISTRICT,Saharanpur,Total,1243,329,16,597656,3466382,1834106,1632276,3689,940
9,133,0,DISTRICT,Muzaffarnagar,Total,880,139,27,676642,4143512,2193434,1950078,4008,1034
9,134,0,DISTRICT,Bijnor,Total,2186,798,26,633197,3682713,1921215,1761498,4561,807
9,135,0,DISTRICT,Moradabad,Total,1550,243,17,796170,4772006,2503186,2268820,3718,1283
9,136,0,DISTRICT,Rampur,Total,1108,55,10,393736,2335819,1223889,1111930,2367,987
9,137,0,DISTRICT,Jyotiba Phule Nagar,Total,959,164,9,314401,1840221,963449,876772,2249,818
9,138,0,DISTRICT,Meerut,Total,604,59,18,579110,3443689,1825743,1617946,2559,1346
9,139,0,DISTRICT,Baghpat,Total,290,25,8,209916,1303048,700070,602978,1321,986
9,140,0,DISTRICT,Ghaziabad,Total,511,36,26,850676,4681645,2488834,2192811,1179,3971
9,141,0,DISTRICT,Gautam Buddha Nagar,Total,304,16,13,327090,1648115,890214,757901,1282,1286
9,142,0,DISTRICT,Bulandshahr ,Total,1174,68,21,587529,3499171,1845260,1653911,4512,776
9,143,0,DISTRICT,Aligarh,Total,1170,29,24,611371,3673889,1951996,1721893,3650,1007
9,144,0,DISTRICT,Mahamaya Nagar,Total,655,14,12,260860,1564708,836127,728581,1840,850
9,145,0,DISTRICT,Mathura,Total,730,144,25,423125,2547184,1367125,1180059,3340,763
9,146,0,DISTRICT,Agra,Total,893,36,27,710566,4418797,2364953,2053844,4041,1093
9,147,0,DISTRICT,Firozabad,Total,790,17,9,414266,2498156,1332046,1166110,2407,1038
9,148,0,DISTRICT,Mainpuri,Total,820,31,9,313690,1868529,993377,875152,2760,677
9,149,0,DISTRICT,Budaun,Total,1785,276,23,615776,3681896,1967759,1714137,5168,712
9,150,0,DISTRICT,Bareilly,Total,1855,196,31,756784,4448359,2357665,2090694,4120,1080
9,151,0,DISTRICT,Pilibhit,Total,1295,140,11,362573,2031007,1072002,959005,3686,551
9,152,0,DISTRICT,Shahjahanpur,Total,2088,240,11,527501,3006538,1606403,1400135,4388,685
9,153,0,DISTRICT,Kheri,Total,1706,88,14,745077,4021243,2123187,1898056,7680,524
9,154,0,DISTRICT,Sitapur,Total,2317,31,12,801764,4483992,2375264,2108728,5743,781
9,155,0,DISTRICT,Hardoi,Total,1907,163,13,730442,4092845,2191442,1901403,5986,684
9,156,0,DISTRICT,Unnao,Total,1693,102,21,588533,3108367,1630087,1478280,4558,682
9,157,0,DISTRICT,Lucknow,Total,803,4,12,860703,4589838,2394476,2195362,2528,1816
9,158,0,DISTRICT,Rae Bareli,Total,1733,40,9,619707,3405559,1752542,1653017,4609,739
9,159,0,DISTRICT,Farrukhabad,Total,872,133,9,314144,1885204,1006240,878964,2181,864
9,160,0,DISTRICT,Kannauj,Total,688,64,8,280928,1656616,881776,774840,2093,792
9,161,0,DISTRICT,Etawah,Total,686,6,6,277527,1581810,845856,735954,2311,684
9,162,0,DISTRICT,Auraiya,Total,769,70,9,248197,1379545,740040,639505,2016,684
9,163,0,DISTRICT,Kanpur Dehat,Total,966,63,12,329817,1796184,963255,832929,3021,595
9,164,0,DISTRICT,Kanpur Nagar,Total,902,101,10,863338,4581268,2459806,2121462,3155,1452
9,165,0,DISTRICT,Jalaun ,Total,942,209,10,288338,1689974,906092,783882,4565,370
9,166,0,DISTRICT,Jhansi,Total,745,71,19,367779,1998603,1057436,941167,5024,398
9,167,0,DISTRICT,Lalitpur,Total,691,61,6,222094,1221592,641011,580581,5039,242
9,168,0,DISTRICT,Hamirpur,Total,497,130,7,204863,1104285,593537,510748,4021,275
9,169,0,DISTRICT,Mahoba,Total,435,86,5,158435,875958,466358,409600,3144,279
9,170,0,DISTRICT,Banda,Total,657,37,8,319963,1799410,965876,833534,4408,408
9,171,0,DISTRICT,Chitrakoot,Total,562,94,4,168232,991730,527721,464009,3216,308
9,172,0,DISTRICT,Fatehpur,Total,1352,163,7,472238,2632733,1384722,1248011,4152,634
9,173,0,DISTRICT,Pratapgarh,Total,2183,34,9,533546,3209141,1606085,1603056,3717,863
9,174,0,DISTRICT,Kaushambi,Total,729,139,9,277851,1599596,838485,761111,1779,899
9,175,0,DISTRICT,Allahabad ,Total,2809,244,25,976733,5954391,3131807,2822584,5482,1086
9,176,0,DISTRICT,Bara Banki,Total,1817,22,15,579058,3260699,1707073,1553626,4402,741
9,177,0,DISTRICT,Faizabad,Total,1235,29,10,423375,2470996,1259628,1211368,2341,1056
9,178,0,DISTRICT,Ambedkar Nagar,Total,1649,101,7,368728,2397888,1212410,1185478,2350,1020
9,179,0,DISTRICT,Sultanpur,Total,2498,29,11,623523,3797117,1914586,1882531,4436,856
9,180,0,DISTRICT,Bahraich,Total,1359,31,5,603754,3487731,1843884,1643847,5237,666
9,181,0,DISTRICT,Shrawasti,Total,509,32,2,188289,1117361,593897,523464,1640,681
9,182,0,DISTRICT,Balrampur,Total,998,17,6,323881,2148665,1114721,1033944,3349,642
9,183,0,DISTRICT,Gonda,Total,1812,5,10,541247,3433919,1787146,1646773,4003,858
9,184,0,DISTRICT,Siddharthnagar,Total,2336,169,8,379351,2559297,1295095,1264202,2895,884
9,185,0,DISTRICT,Basti,Total,3160,188,3,382212,2464464,1255272,1209192,2688,917
9,186,0,DISTRICT,Sant Kabir Nagar,Total,1582,144,6,256645,1715183,869656,845527,1646,1042
9,187,0,DISTRICT,Mahrajganj,Total,1212,50,7,426565,2684703,1381754,1302949,2952,909
9,188,0,DISTRICT,Gorakhpur,Total,2937,382,14,692960,4440895,2277777,2163118,3321,1337
9,189,0,DISTRICT,Kushinagar,Total,1579,60,8,561062,3564544,1818055,1746489,2905,1227
9,190,0,DISTRICT,Deoria,Total,2019,143,10,468346,3100946,1537436,1563510,2540,1221
9,191,0,DISTRICT,Azamgarh,Total,3800,301,20,665232,4613913,2285004,2328909,4054,1138
9,192,0,DISTRICT,Mau,Total,1499,111,14,324424,2205968,1114709,1091259,1713,1288
9,193,0,DISTRICT,Ballia,Total,1843,518,11,480268,3239774,1672902,1566872,2981,1087
9,194,0,DISTRICT,Jaunpur,Total,3287,94,13,663513,4494204,2220465,2273739,4038,1113
9,195,0,DISTRICT,Ghazipur,Total,2740,627,8,546664,3620268,1855075,1765193,3377,1072
9,196,0,DISTRICT,Chandauli,Total,1425,204,11,296804,1952756,1017905,934851,2541,768
9,197,0,DISTRICT,Varanasi,Total,1258,37,39,560162,3676841,1921857,1754984,1535,2395
9,198,0,DISTRICT,Sant Ravidas Nagar (Bhadohi),Total,1087,130,11,222403,1578213,807099,771114,1015,1555
9,199,0,DISTRICT,Mirzapur,Total,1745,216,10,394925,2496970,1312302,1184668,4405,567
9,200,0,DISTRICT,Sonbhadra,Total,1391,38,18,333174,1862559,971344,891215,6905,270
9,201,0,DISTRICT,Etah,Total,853,29,10,290683,1774480,947339,827141,2431,730
9,202,0,DISTRICT,Kanshiram Nagar,Total,650,65,11,237903,1436719,764165,672554,1955,735
10,203,0,DISTRICT,Pashchim Champaran,Total,1365,118,8,710461,3935042,2061110,1873932,5228,753
10,204,0,DISTRICT,Purba Champaran,Total,1252,41,10,981516,5099371,2681209,2418162,3968,1285
10,205,0,DISTRICT,Sheohar,Total,191,12,1,150144,656246,346673,309573,349,1880
10,206,0,DISTRICT,Sitamarhi,Total,808,26,8,736322,3423574,1803252,1620322,2294,1492
10,207,0,DISTRICT,Madhubani,Total,1040,70,6,898515,4487379,2329313,2158066,3501,1282
10,208,0,DISTRICT,Supaul,Total,526,25,3,443073,2229076,1155283,1073793,2425,919
10,209,0,DISTRICT,Araria,Total,716,26,3,568142,2811569,1463333,1348236,2830,993
10,210,0,DISTRICT,Kishanganj,Total,732,39,3,338445,1690400,866970,823430,1884,897
10,211,0,DISTRICT,Purnia,Total,1113,160,3,647777,3264619,1699370,1565249,3229,1011
10,212,0,DISTRICT,Katihar,Total,1306,234,3,619076,3071029,1600430,1470599,3057,1005
10,213,0,DISTRICT,Madhepura,Total,380,59,3,401289,2001762,1047559,954203,1788,1120
10,214,0,DISTRICT,Saharsa,Total,445,23,1,368979,1900661,997174,903487,1687,1127
10,215,0,DISTRICT,Darbhanga,Total,1069,178,4,803012,3937385,2059949,1877436,2279,1728
10,216,0,DISTRICT,Muzaffarpur,Total,1719,67,9,945703,4801062,2527497,2273565,3172,1514
10,217,0,DISTRICT,Gopalganj,Total,1395,139,5,413044,2562012,1267666,1294346,2033,1260
10,218,0,DISTRICT,Siwan,Total,1435,95,3,535661,3330464,1675090,1655374,2219,1501
10,219,0,DISTRICT,Saran,Total,1570,194,6,631097,3951862,2022821,1929041,2641,1496
10,220,0,DISTRICT,Vaishali,Total,1422,147,3,626087,3495021,1844535,1650486,2036,1717
10,221,0,DISTRICT,Samastipur,Total,1129,117,7,835493,4261566,2230003,2031563,2904,1467
10,222,0,DISTRICT,Begusarai,Total,694,446,10,589667,2970541,1567660,1402881,1918,1549
10,223,0,DISTRICT,Khagaria,Total,245,56,2,328823,1666886,883786,783100,1486,1122
10,224,0,DISTRICT,Bhagalpur,Total,966,549,10,564711,3037766,1615663,1422103,2569,1182
10,225,0,DISTRICT,Banka,Total,1702,409,2,381601,2034763,1067140,967623,3020,674
10,226,0,DISTRICT,Munger,Total,534,324,7,263171,1367765,729041,638724,1419,964
10,227,0,DISTRICT,Lakhisarai,Total,362,110,2,163355,1000912,526345,474567,1228,815
10,228,0,DISTRICT,Sheikhpura,Total,261,53,2,100701,636342,329743,306599,689,924
10,229,0,DISTRICT,Nalanda,Total,1003,52,6,477529,2877653,1497060,1380593,2355,1222
10,230,0,DISTRICT,Patna,Total,1264,124,22,975578,5838465,3078512,2759953,3202,1823
10,231,0,DISTRICT,Bhojpur,Total,997,220,6,416090,2728407,1430380,1298027,2395,1139
10,232,0,DISTRICT,Buxar,Total,835,298,3,261660,1706352,887977,818375,1703,1002
10,233,0,DISTRICT,Kaimur (Bhabua),Total,1337,358,3,250884,1626384,847006,779378,3332,488
10,234,0,DISTRICT,Rohtas,Total,1717,355,10,460345,2959918,1543546,1416372,3881,763
10,235,0,DISTRICT,Aurangabad,Total,1742,105,6,391898,2540073,1318684,1221389,3305,769
10,236,0,DISTRICT,Gaya,Total,2682,204,6,688425,4391418,2266566,2124852,4976,883
10,237,0,DISTRICT,Nawada,Total,955,129,5,338247,2219146,1144668,1074478,2494,890
10,238,0,DISTRICT,Jamui,Total,1324,179,5,307082,1760405,916064,844341,3098,568
10,239,0,DISTRICT,Jehanabad ,Total,541,43,2,181740,1125313,585582,539731,931,1209
10,240,0,DISTRICT,Arwal,Total,299,17,1,118222,700843,363497,337346,638,1099
11,241,0,DISTRICT,North  District,Total,52,3,1,8873,43709,24730,18979,4226,10
11,242,0,DISTRICT,West District,Total,119,6,2,28023,136435,70238,66197,1166,117
11,243,0,DISTRICT,South District,Total,140,8,2,30543,146850,76670,70180,750,196
11,244,0,DISTRICT,East District,Total,114,9,4,61567,283583,151432,132151,954,297
12,245,0,DISTRICT,Tawang,Total,218,17,1,10062,49977,29151,20826,2172,23
12,246,0,DISTRICT,West Kameng,Total,260,23,3,18159,83947,46155,37792,7422,11
12,247,0,DISTRICT,East Kameng,Total,356,26,1,14508,78690,38775,39915,4134,19
12,248,0,DISTRICT,Papum Pare,Total,455,30,3,35730,176573,89182,87391,3462,51
12,249,0,DISTRICT,Upper Subansiri,Total,543,10,1,15869,83448,41758,41690,7032,12
12,250,0,DISTRICT,West Siang,Total,444,17,2,21231,112274,58168,54106,8325,13
12,251,0,DISTRICT,East Siang,Total,150,1,2,19107,99214,50116,49098,3603,28
12,252,0,DISTRICT,Upper Siang,Total,98,14,1,7324,35320,18699,16621,6590,5
12,253,0,DISTRICT,Changlang,Total,347,15,3,29521,148226,76948,71278,4662,32
12,254,0,DISTRICT,Tirap,Total,189,1,3,20611,111975,57604,54371,2362,47
12,255,0,DISTRICT,Lower Subansiri,Total,536,42,1,15249,83030,41843,41187,3508,24
12,256,0,DISTRICT,Kurung Kumey,Total,700,36,1,15037,92076,45318,46758,6040,15
12,257,0,DISTRICT,Dibang Valley,Total,134,8,1,1952,8004,4414,3590,9129,1
12,258,0,DISTRICT,Lower Dibang Valley,Total,264,50,1,11600,54080,28053,26027,3900,14
12,259,0,DISTRICT,Lohit,Total,286,14,2,30005,145726,76221,69505,5212,28
12,260,0,DISTRICT,Anjaw,Total,278,27,1,4612,21167,11507,9660,6190,3
13,261,0,DISTRICT,Mon,Total,131,0,2,41978,250260,131753,118507,1786,140
13,262,0,DISTRICT,Mokokchung,Total,107,1,4,42690,194622,101092,93530,1615,121
13,263,0,DISTRICT,Zunheboto,Total,191,0,2,27835,140757,71217,69540,1255,112
13,264,0,DISTRICT,Wokha,Total,151,2,1,31891,166343,84505,81838,1628,102
13,265,0,DISTRICT,Dimapur ,Total,219,3,7,78605,378811,197394,181417,927,409
13,266,0,DISTRICT,Phek,Total,117,0,2,36639,163418,83743,79675,2026,81
13,267,0,DISTRICT,Tuensang,Total,138,6,1,36742,196596,101933,94663,2536,78
13,268,0,DISTRICT,Longleng,Total,49,0,1,11985,50484,26502,23982,562,90
13,269,0,DISTRICT,Kiphire,Total,90,6,1,14771,74004,37830,36174,1130,65
13,270,0,DISTRICT,Kohima,Total,105,0,3,54391,267988,138966,129022,1463,183
13,271,0,DISTRICT,Peren,Total,102,10,2,18475,95219,49714,45505,1651,58
14,272,0,DISTRICT,Senapati,Total,669,17,1,83411,479148,247323,231825,3271,146
14,273,0,DISTRICT,Tamenglong ,Total,174,1,1,25039,140651,72371,68280,4391,32
14,274,0,DISTRICT,Churachandpur,Total,596,4,3,49089,274143,138820,135323,4570,60
14,275,0,DISTRICT,Bishnupur,Total,48,1,7,46580,237399,118782,118617,496,479
14,276,0,DISTRICT,Thoubal,Total,87,16,9,85965,422168,210845,211323,514,821
14,277,0,DISTRICT,Imphal West,Total,107,17,13,111156,517992,255054,262938,519,998
14,278,0,DISTRICT,Imphal East,Total,191,4,15,92124,456113,226094,230019,709,643
14,279,0,DISTRICT,Ukhrul,Total,213,0,1,35694,183998,94718,89280,4544,40
14,280,0,DISTRICT,Chandel,Total,430,7,1,28801,144182,74579,69603,3313,44
15,281,0,DISTRICT,Mamit,Total,86,37,3,17731,86364,44828,41536,3025,29
15,282,0,DISTRICT,Kolasib,Total,34,15,4,17270,83955,42918,41037,1382,61
15,283,0,DISTRICT,Aizawl,Total,94,10,4,82524,400309,199270,201039,3576,112
15,284,0,DISTRICT,Champhai,Total,83,7,4,25520,125745,63388,62357,3185,39
15,285,0,DISTRICT,Serchhip,Total,35,5,3,12622,64937,32851,32086,1421,46
15,286,0,DISTRICT,Lunglei,Total,161,34,3,33058,161428,82891,78537,4536,36
15,287,0,DISTRICT,Lawngtlai,Total,159,9,1,22984,117894,60599,57295,2557,46
15,288,0,DISTRICT,Saiha,Total,52,9,1,11144,56574,28594,27980,1399,40
16,289,0,DISTRICT,West Tripura ,Total,281,6,21,410565,1725739,879428,846311,2993,577
16,290,0,DISTRICT,South Tripura ,Total,268,2,10,208127,876001,447544,428457,3057,287
16,291,0,DISTRICT,Dhalai,Total,148,4,4,84509,378230,194544,183686,2400,158
16,292,0,DISTRICT,North Tripura,Total,166,0,7,152355,693947,352860,341087,2036,341
17,293,0,DISTRICT,West Garo Hills,Total,1577,86,1,123352,643291,324159,319132,3677,175
17,294,0,DISTRICT,East Garo Hills,Total,1058,52,2,58328,317917,161223,156694,2603,122
17,295,0,DISTRICT,South Garo Hills,Total,731,73,1,24527,142334,73170,69164,1887,75
17,296,0,DISTRICT,West Khasi Hills,Total,1093,22,2,64906,383461,193715,189746,5247,73
17,297,0,DISTRICT,Ribhoi,Total,579,56,2,46872,258840,132531,126309,2448,106
17,298,0,DISTRICT,East Khasi Hills,Total,923,52,13,164046,825922,410749,415173,2748,301
17,299,0,DISTRICT,Jaintia Hills,Total,498,39,1,66028,395124,196285,198839,3819,103
18,300,0,DISTRICT,Kokrajhar,Total,1053,15,4,181081,887142,452905,434237,3296,269
18,301,0,DISTRICT,Dhubri,Total,1052,39,9,414674,1949258,997848,951410,2176,896
18,302,0,DISTRICT,Goalpara,Total,779,50,11,198454,1008183,513292,494891,1824,553
18,303,0,DISTRICT,Barpeta,Total,825,10,9,337929,1693622,867004,826618,2282,742
18,304,0,DISTRICT,Morigaon,Total,598,34,6,184602,957423,486651,470772,1551,617
18,305,0,DISTRICT,Nagaon,Total,1361,51,17,559340,2823768,1439112,1384656,3973,711
18,306,0,DISTRICT,Sonitpur,Total,1798,78,8,392919,1924110,983904,940206,5204,370
18,307,0,DISTRICT,Lakhimpur,Total,1146,38,4,204307,1042137,529674,512463,2277,458
18,308,0,DISTRICT,Dhemaji,Total,1264,55,4,129869,686133,351249,334884,3237,212
18,309,0,DISTRICT,Tinsukia,Total,1136,32,13,268598,1327929,680231,647698,3790,350
18,310,0,DISTRICT,Dibrugarh,Total,1318,30,9,276867,1326335,676434,649901,3381,392
18,311,0,DISTRICT,Sivasagar,Total,862,13,7,248367,1151050,589216,561834,2668,431
18,312,0,DISTRICT,Jorhat,Total,763,85,11,236262,1092256,556805,535451,2851,383
18,313,0,DISTRICT,Golaghat,Total,1032,93,7,227197,1066888,543161,523727,3502,305
18,314,0,DISTRICT,Karbi Anglong,Total,2712,209,7,177646,956313,490167,466146,10434,92
18,315,0,DISTRICT,Dima Hasao,Total,676,19,4,42252,214102,110802,103300,4888,44
18,316,0,DISTRICT,Cachar,Total,998,42,19,379955,1736617,886284,850333,3786,459
18,317,0,DISTRICT,Karimganj,Total,915,21,7,247714,1228686,625864,602822,1809,679
18,318,0,DISTRICT,Hailakandi,Total,330,1,3,143350,659296,337890,321406,1327,497
18,319,0,DISTRICT,Bongaigaon,Total,535,28,5,150018,738804,375818,362986,1093,676
18,320,0,DISTRICT,Chirang,Total,501,7,3,97395,482162,244860,237302,1923,251
18,321,0,DISTRICT,Kamrup,Total,1037,31,16,311114,1517542,778461,739081,3105,489
18,322,0,DISTRICT,Kamrup Metropolitan,Total,204,12,12,293112,1253938,647585,606353,955,1313
18,323,0,DISTRICT,Nalbari,Total,455,1,11,155248,771639,396006,375633,1052,733
18,324,0,DISTRICT,Baksa,Total,679,11,2,191701,950075,481330,468745,2457,387
18,325,0,DISTRICT,Darrang,Total,552,9,3,187783,928500,475273,453227,1585,586
18,326,0,DISTRICT,Udalguri,Total,791,9,3,168717,831668,421617,410051,2012,413
19,327,0,DISTRICT,Darjiling ,Total,616,71,29,391234,1846823,937259,909564,3149,586
19,328,0,DISTRICT,Jalpaiguri ,Total,718,15,39,868326,3872846,1983064,1889782,6227,622
19,329,0,DISTRICT,Koch Bihar ,Total,1132,62,18,665720,2819086,1451542,1367544,3387,832
19,330,0,DISTRICT,Uttar Dinajpur,Total,1475,19,9,605674,3007134,1551066,1456068,3140,958
19,331,0,DISTRICT,Dakshin Dinajpur,Total,1582,49,7,396406,1676276,857199,819077,2219,755
19,332,0,DISTRICT,Maldah ,Total,1613,158,29,846991,3988845,2051541,1937304,3733,1069
19,333,0,DISTRICT,Murshidabad ,Total,1886,280,72,1570759,7103807,3627564,3476243,5324,1334
19,334,0,DISTRICT,Birbhum,Total,2242,213,20,817899,3502404,1790920,1711484,4545,771
19,335,0,DISTRICT,Barddhaman ,Total,2418,84,96,1730927,7717563,3966889,3750674,7024,1099
19,336,0,DISTRICT,Nadia ,Total,1216,91,65,1232282,5167600,2653768,2513832,3927,1316
19,337,0,DISTRICT,North Twenty Four Parganas,Total,1518,9,107,2348683,10009781,5119389,4890392,4094,2445
19,338,0,DISTRICT,Hugli ,Total,1842,24,77,1287423,5519145,2814653,2704492,3149,1753
19,339,0,DISTRICT,Bankura ,Total,3585,238,12,766902,3596674,1838095,1758579,6882,523
19,340,0,DISTRICT,Puruliya,Total,2459,208,28,567824,2930115,1496996,1433119,6259,468
19,341,0,DISTRICT,Haora ,Total,644,6,138,1061336,4850029,2500819,2349210,1467,3306
19,342,0,DISTRICT,Kolkata,Total,0,0,1,1024928,4496694,2356766,2139928,185,24306
19,343,0,DISTRICT,South Twenty Four Parganas,Total,1994,48,118,1781221,8161961,4173778,3988183,9960,819
19,344,0,DISTRICT,Paschim Medinipur,Total,7600,1094,19,1301610,5913457,3007885,2905572,9368,631
19,345,0,DISTRICT,Purba Medinipur,Total,2929,65,25,1114170,5095875,2629834,2466041,4713,1081
20,346,0,DISTRICT,Garhwa ,Total,844,44,3,254697,1322784,683575,639209,4093,323
20,347,0,DISTRICT,Chatra,Total,1377,94,2,182271,1042886,533935,508951,3718,280
20,348,0,DISTRICT,Kodarma,Total,577,122,5,116155,716259,367222,349037,2540,282
20,349,0,DISTRICT,Giridih,Total,2558,191,12,396521,2445474,1258098,1187376,4962,493
20,350,0,DISTRICT,Deoghar,Total,2354,308,2,264347,1492073,775022,717051,2477,602
20,351,0,DISTRICT,Godda,Total,1688,614,3,253648,1313551,677927,635624,2266,580
20,352,0,DISTRICT,Sahibganj,Total,1349,464,8,227023,1150567,589391,561176,2063,558
20,353,0,DISTRICT,Pakur,Total,1141,106,4,182317,900422,452661,447761,1811,497
20,354,0,DISTRICT,Dhanbad,Total,1075,84,46,507064,2684487,1405956,1278531,2040,1316
20,355,0,DISTRICT,Bokaro,Total,611,24,27,394918,2062330,1072807,989523,2883,715
20,356,0,DISTRICT,Lohardaga,Total,352,1,1,88638,461790,232629,229161,1502,307
20,357,0,DISTRICT,Purbi Singhbhum,Total,1609,139,15,476931,2293919,1176902,1117017,3562,644
20,358,0,DISTRICT,Palamu,Total,1711,159,9,358754,1939869,1006302,933567,4393,442
20,359,0,DISTRICT,Latehar,Total,749,20,4,133381,726978,369666,357312,4291,169
20,360,0,DISTRICT,Hazaribagh,Total,1193,115,17,304749,1734495,890881,843614,3555,488
20,361,0,DISTRICT,Ramgarh,Total,305,10,23,179375,949443,494230,455213,1341,708
20,362,0,DISTRICT,Dumka,Total,2688,237,5,275019,1321442,668514,652928,3761,351
20,363,0,DISTRICT,Jamtara,Total,1082,79,3,155275,791042,404830,386212,1811,437
20,364,0,DISTRICT,Ranchi,Total,1296,15,15,569444,2914253,1494937,1419316,5097,572
20,365,0,DISTRICT,Khunti,Total,754,2,2,103700,531885,266335,265550,2535,210
20,366,0,DISTRICT,Gumla,Total,942,4,3,188988,1025213,514390,510823,5360,191
20,367,0,DISTRICT,Simdega,Total,449,1,1,118288,599578,300309,299269,3774,159
20,368,0,DISTRICT,Pashchimi Singhbhum,Total,1642,31,11,302046,1502338,749385,752953,7224,208
20,369,0,DISTRICT,Saraikela-Kharsawan,Total,1146,38,7,221232,1065056,544411,520645,2657,401
21,370,0,DISTRICT,Bargarh,Total,1179,27,8,370308,1481255,749161,732094,5837,254
21,371,0,DISTRICT,Jharsuguda,Total,347,4,5,136061,579505,296690,282815,2114,274
21,372,0,DISTRICT,Sambalpur,Total,1229,84,6,249597,1041099,526877,514222,6624,157
21,373,0,DISTRICT,Debagarh,Total,718,160,1,75452,312520,158230,154290,2940,106
21,374,0,DISTRICT,Sundargarh,Total,1713,49,14,479109,2093437,1061147,1032290,9712,216
21,375,0,DISTRICT,Kendujhar,Total,2064,59,9,405272,1801733,906487,895246,8303,217
21,376,0,DISTRICT,Mayurbhanj,Total,3751,199,5,586253,2519738,1256213,1263525,10418,242
21,377,0,DISTRICT,Baleshwar,Total,2635,297,5,533001,2320529,1185787,1134742,3806,610
21,378,0,DISTRICT,Bhadrak,Total,1250,62,4,306333,1506337,760260,746077,2505,601
21,379,0,DISTRICT,Kendrapara ,Total,1415,132,2,321934,1440361,717814,722547,2644,545
21,380,0,DISTRICT,Jagatsinghapur ,Total,1223,69,4,261307,1136971,577865,559106,1668,682
21,381,0,DISTRICT,Cuttack,Total,1854,96,11,579170,2624470,1352760,1271710,3932,667
21,382,0,DISTRICT,Jajapur  ,Total,1598,185,8,407851,1827192,926034,901158,2899,630
21,383,0,DISTRICT,Dhenkanal,Total,1081,127,5,279364,1192811,612593,580218,4452,268
21,384,0,DISTRICT,Anugul  ,Total,1654,217,18,297050,1273821,655718,618103,6375,200
21,385,0,DISTRICT,Nayagarh  ,Total,1541,151,9,228315,962789,502636,460153,3890,248
21,386,0,DISTRICT,Khordha ,Total,1356,178,13,494212,2251673,1167137,1084536,2813,800
21,387,0,DISTRICT,Puri,Total,1600,107,6,367269,1698730,865380,833350,3479,488
21,388,0,DISTRICT,Ganjam,Total,2783,412,39,758267,3529031,1779218,1749813,8206,430
21,389,0,DISTRICT,Gajapati,Total,1499,113,5,128523,577817,282882,294935,4325,134
21,390,0,DISTRICT,Kandhamal,Total,2417,170,4,172022,733110,359945,373165,8021,91
21,391,0,DISTRICT,Baudh,Total,1117,70,1,106961,441162,221625,219537,3098,142
21,392,0,DISTRICT,Subarnapur,Total,856,106,4,151136,610183,311312,298871,2337,261
21,393,0,DISTRICT,Balangir,Total,1751,32,8,414749,1648997,830097,818900,6575,251
21,394,0,DISTRICT,Nuapada,Total,656,12,2,152210,610382,301962,308420,3852,158
21,395,0,DISTRICT,Kalahandi,Total,2116,137,5,401251,1576869,787101,789768,7920,199
21,396,0,DISTRICT,Rayagada  ,Total,2468,197,7,226144,967911,471960,495951,7073,137
21,397,0,DISTRICT,Nabarangapur ,Total,868,23,5,273423,1220946,604812,616134,5291,231
21,398,0,DISTRICT,Koraput,Total,1941,101,7,337677,1379647,678809,700838,8807,157
21,399,0,DISTRICT,Malkangiri  ,Total,995,60,3,137599,613192,303624,309568,5791,106
22,400,0,DISTRICT,Koriya,Total,623,13,8,153274,658917,334737,324180,6604,100
22,401,0,DISTRICT,Surguja,Total,1746,4,16,526049,2359886,1193129,1166757,15732,150
22,402,0,DISTRICT,Jashpur ,Total,754,1,5,192570,851669,424747,426922,5838,146
22,403,0,DISTRICT,Raigarh,Total,1426,40,10,367962,1493984,750278,743706,7086,211
22,404,0,DISTRICT,Korba ,Total,707,12,7,280073,1206640,612915,593725,6598,183
22,405,0,DISTRICT,Janjgir - Champa,Total,881,11,15,364532,1619707,815717,803990,3853,420
22,406,0,DISTRICT,Bilaspur,Total,1566,33,20,600822,2663629,1351574,1312055,8272,322
22,407,0,DISTRICT,Kabeerdham,Total,957,49,6,178446,822526,412058,410468,4235,194
22,408,0,DISTRICT,Rajnandgaon,Total,1600,53,8,318488,1537133,762855,774278,8070,190
22,409,0,DISTRICT,Durg,Total,1761,12,25,701707,3343872,1682101,1661771,8535,392
22,410,0,DISTRICT,Raipur,Total,2094,55,26,871225,4063872,2048186,2015686,12383,328
22,411,0,DISTRICT,Mahasamund,Total,1112,33,6,248561,1032754,511967,520787,4790,216
22,412,0,DISTRICT,Dhamtari ,Total,619,30,6,170951,799781,397897,401884,4084,196
22,413,0,DISTRICT,Uttar Bastar Kanker,Total,1063,7,6,160937,748941,373338,375603,7161,105
22,414,0,DISTRICT,Bastar,Total,1128,22,6,311538,1413199,698487,714712,10470,135
22,415,0,DISTRICT,Narayanpur,Total,375,37,1,27982,139820,70104,69716,4653,30
22,416,0,DISTRICT,Dakshin Bastar Dantewada,Total,590,18,8,120850,533638,264142,269496,8298,64
22,417,0,DISTRICT,Bijapur,Total,565,129,3,54757,255230,128663,126567,8530,30
23,418,0,DISTRICT,Sheopur ,Total,516,66,3,146043,687861,361784,326077,6606,104
23,419,0,DISTRICT,Morena,Total,775,40,9,362646,1965970,1068417,897553,4989,394
23,420,0,DISTRICT,Bhind,Total,890,47,12,299233,1703005,926843,776162,4459,382
23,421,0,DISTRICT,Gwalior,Total,618,37,11,383845,2032036,1090327,941709,4560,446
23,422,0,DISTRICT,Datia,Total,586,45,5,160215,786754,420157,366597,2902,271
23,423,0,DISTRICT,Shivpuri,Total,1305,112,7,359969,1726050,919795,806255,10066,171
23,424,0,DISTRICT,Tikamgarh,Total,878,85,13,296116,1445166,760355,684811,5048,286
23,425,0,DISTRICT,Chhatarpur,Total,1085,102,16,356297,1762375,936121,826254,8687,203
23,426,0,DISTRICT,Panna,Total,947,64,6,228709,1016520,533480,483040,7135,142
23,427,0,DISTRICT,Sagar,Total,1901,174,20,517850,2378458,1256257,1122201,10252,232
23,428,0,DISTRICT,Damoh,Total,1176,34,9,297608,1264219,661873,602346,7306,173
23,429,0,DISTRICT,Satna,Total,1799,185,13,478741,2228935,1157495,1071440,7502,297
23,430,0,DISTRICT,Rewa,Total,2408,311,13,526065,2365106,1225100,1140006,6314,375
23,431,0,DISTRICT,Umaria,Total,594,59,7,145024,644758,330674,314084,4076,158
23,432,0,DISTRICT,Neemuch ,Total,675,123,10,179746,826067,422653,403414,4256,194
23,433,0,DISTRICT,Mandsaur,Total,893,40,11,286808,1340411,682851,657560,5535,242
23,434,0,DISTRICT,Ratlam,Total,1053,16,10,296683,1455069,738241,716828,4861,299
23,435,0,DISTRICT,Ujjain,Total,1095,6,9,391438,1986864,1016289,970575,6091,326
23,436,0,DISTRICT,Shajapur,Total,1071,36,13,300025,1512681,780520,732161,6195,244
23,437,0,DISTRICT,Dewas,Total,1057,57,13,308871,1563715,805359,758356,7020,223
23,438,0,DISTRICT,Dhar,Total,1477,58,13,425914,2185793,1112725,1073068,8153,268
23,439,0,DISTRICT,Indore,Total,614,15,24,649540,3276697,1699627,1577070,3898,841
23,440,0,DISTRICT,Khargone (West Nimar),Total,1194,223,11,367988,1873046,953121,919925,8025,233
23,441,0,DISTRICT,Barwani ,Total,696,20,8,243277,1385881,699340,686541,5427,255
23,442,0,DISTRICT,Rajgarh,Total,1677,51,13,345297,1545814,790212,755602,6153,251
23,443,0,DISTRICT,Vidisha,Total,1536,78,7,299676,1458875,769568,689307,7371,198
23,444,0,DISTRICT,Bhopal,Total,501,18,3,501805,2371061,1236130,1134931,2772,855
23,445,0,DISTRICT,Sehore,Total,1031,41,8,257311,1311332,683743,627589,6578,199
23,446,0,DISTRICT,Raisen,Total,1424,61,12,278895,1331597,700358,631239,8466,157
23,447,0,DISTRICT,Betul,Total,1344,55,10,329832,1575362,799236,776126,10043,157
23,448,0,DISTRICT,Harda ,Total,511,56,3,113379,570465,294838,275627,3334,171
23,449,0,DISTRICT,Hoshangabad,Total,921,40,12,257199,1241350,648725,592625,6703,185
23,450,0,DISTRICT,Katni ,Total,905,42,4,289551,1292042,662013,630029,4950,261
23,451,0,DISTRICT,Jabalpur,Total,1377,47,24,539060,2463289,1277278,1186011,5211,473
23,452,0,DISTRICT,Narsimhapur,Total,1035,32,8,250286,1091854,568810,523044,5133,213
23,453,0,DISTRICT,Dindori ,Total,901,23,2,169630,704524,351913,352611,7470,94
23,454,0,DISTRICT,Mandla,Total,1203,18,8,250146,1054905,525272,529633,5800,182
23,455,0,DISTRICT,Chhindwara,Total,1906,59,24,443361,2090922,1064468,1026454,11815,177
23,456,0,DISTRICT,Seoni,Total,1579,8,6,314767,1379131,695879,683252,8758,157
23,457,0,DISTRICT,Balaghat,Total,1272,112,13,391836,1701698,842178,859520,9229,184
23,458,0,DISTRICT,Guna,Total,1264,74,5,244401,1241519,649362,592157,6390,194
23,459,0,DISTRICT,Ashoknagar,Total,818,81,4,172680,845071,443837,401234,4674,181
23,460,0,DISTRICT,Shahdol,Total,814,30,8,251452,1066063,540021,526042,6205,172
23,461,0,DISTRICT,Anuppur,Total,562,9,13,170715,749237,379114,370123,3747,200
23,462,0,DISTRICT,Sidhi,Total,1025,30,4,238448,1127033,575912,551121,4851,232
23,463,0,DISTRICT,Singrauli,Total,727,17,2,243925,1178273,613637,564636,5675,208
23,464,0,DISTRICT,Jhabua,Total,783,30,5,194157,1025048,515023,510025,3600,285
23,465,0,DISTRICT,Alirajpur,Total,538,5,4,123800,728999,362542,366457,3182,229
23,466,0,DISTRICT,Khandwa (East Nimar),Total,711,0,5,266655,1310061,674329,635732,7352,178
23,467,0,DISTRICT,Burhanpur,Total,261,2,3,146341,757847,388504,369343,3427,221
24,468,0,DISTRICT,Kachchh ^,Total,877,47,14,445672,2092371,1096737,995634,45674,46
24,469,0,DISTRICT,Banas Kantha,Total,1233,4,12,560411,3120506,1610379,1510127,10743,290
24,470,0,DISTRICT,Patan  ,Total,517,0,6,267633,1343734,694397,649337,5792,232
24,471,0,DISTRICT,Mahesana,Total,597,9,10,424479,2035064,1056520,978544,4401,462
24,472,0,DISTRICT,Sabar Kantha,Total,1364,12,15,481414,2428589,1244231,1184358,7394,328
24,473,0,DISTRICT,Gandhinagar,Total,252,0,15,289990,1391753,723864,667889,2140,650
24,474,0,DISTRICT,Ahmadabad,Total,506,6,13,1510134,7214225,3788051,3426174,8107,890
24,475,0,DISTRICT,Surendranagar,Total,647,4,9,343213,1756268,909917,846351,10423,168
24,476,0,DISTRICT,Rajkot,Total,833,2,23,786586,3804558,1974445,1830113,11198,340
24,477,0,DISTRICT,Jamnagar,Total,697,17,16,430941,2160119,1114192,1045927,14184,152
24,478,0,DISTRICT,Porbandar ,Total,179,3,6,124556,585449,300209,285240,2316,253
24,479,0,DISTRICT,Junagadh,Total,901,128,15,527326,2743082,1404356,1338726,8831,311
24,480,0,DISTRICT,Amreli,Total,614,2,10,294837,1514190,771049,743141,7397,205
24,481,0,DISTRICT,Bhavnagar,Total,783,10,21,538605,2880365,1490201,1390164,10034,287
24,482,0,DISTRICT,Anand  ,Total,347,0,15,427605,2092745,1087224,1005521,3204,653
24,483,0,DISTRICT,Kheda,Total,615,3,12,466856,2299885,1185727,1114158,3953,582
24,484,0,DISTRICT,Panch Mahals,Total,1198,12,9,446611,2390776,1226961,1163815,5231,457
24,485,0,DISTRICT,Dohad  ,Total,691,1,6,334272,2127086,1068651,1058435,3642,584
24,486,0,DISTRICT,Vadodara,Total,1533,4,25,877106,4165626,2153736,2011890,7546,552
24,487,0,DISTRICT,Narmada,Total,558,51,5,122174,590297,301086,289211,2817,210
24,488,0,DISTRICT,Bharuch,Total,647,6,21,333483,1551019,805707,745312,6509,238
24,489,0,DISTRICT,The Dangs,Total,308,0,3,44699,228291,113821,114470,1766,129
24,490,0,DISTRICT,Navsari  ,Total,372,0,13,295131,1329672,678165,651507,2246,592
24,491,0,DISTRICT,Valsad,Total,433,1,28,364403,1705678,887222,818456,3008,567
24,492,0,DISTRICT,Surat,Total,690,23,22,1333200,6081322,3402224,2679098,4549,1337
24,493,0,DISTRICT,Tapi,Total,451,37,4,177091,807022,402188,404834,3139,257
25,494,0,DISTRICT,Diu,Total,4,0,1,10580,52074,25642,26432,39,1335
25,495,0,DISTRICT,Daman,Total,15,0,7,50376,191173,124659,66514,72,2655
26,496,0,DISTRICT,Dadra & Nagar Haveli,Total,65,0,6,76458,343709,193760,149949,491,700
27,497,0,DISTRICT,Nandurbar,Total,930,13,9,323521,1648295,833170,815125,5955,277
27,498,0,DISTRICT,Dhule,Total,674,4,8,408874,2050862,1054031,996831,7195,285
27,499,0,DISTRICT,Jalgaon,Total,1487,26,20,903643,4229917,2197365,2032552,11765,360
27,500,0,DISTRICT,Buldana,Total,1300,144,12,561504,2586258,1337560,1248698,9661,268
27,501,0,DISTRICT,Akola,Total,864,122,12,395690,1813906,932334,881572,5672.81,320
27,502,0,DISTRICT,Washim,Total,698,91,4,259464,1197160,620302,576858,4901.19,244
27,503,0,DISTRICT,Amravati,Total,1637,360,12,647451,2888445,1480768,1407677,12210,237
27,504,0,DISTRICT,Wardha,Total,973,403,13,309846,1300774,668385,632389,6309,206
27,505,0,DISTRICT,Nagpur,Total,1617,242,41,1041544,4653570,2384975,2268595,9892,470
27,506,0,DISTRICT,Bhandara,Total,771,93,12,278076,1200334,605520,594814,4087,294
27,507,0,DISTRICT,Gondiya,Total,883,59,10,292369,1322507,661554,660953,5234,253
27,508,0,DISTRICT,Gadchiroli,Total,1509,166,6,250435,1072942,541328,531614,14412,74
27,509,0,DISTRICT,Chandrapur,Total,1463,329,23,536686,2204307,1123834,1080473,11443,193
27,510,0,DISTRICT,Yavatmal,Total,1853,284,18,646886,2772348,1419965,1352383,13582,204
27,511,0,DISTRICT,Nanded,Total,1541,62,17,665434,3361292,1730075,1631217,10528,319
27,512,0,DISTRICT,Hingoli,Total,675,36,3,228868,1177345,606294,571051,4827,244
27,513,0,DISTRICT,Parbhani,Total,830,13,8,361130,1836086,942870,893216,6214,295
27,514,0,DISTRICT,Jalna ###,Total,958,9,4,391701,1959046,1011473,947573,7694.11,255
27,515,0,DISTRICT,Aurangabad ###,Total,1314,42,16,751915,3701282,1924469,1776813,10130.89,365
27,516,0,DISTRICT,Nashik,Total,1919,3,25,1222887,6107187,3157186,2950001,15530,393
27,517,0,DISTRICT,Thane,Total,1704,17,51,2529165,11060148,5865078,5195070,9558,1157
27,518,0,DISTRICT,Mumbai Suburban,Total,0,0,1,2105604,9356962,5031323,4325639,446,20980
27,519,0,DISTRICT,Mumbai,Total,0,0,0,674339,3085411,1684608,1400803,157,19652
27,520,0,DISTRICT,Raigarh,Total,1860,49,42,611790,2634200,1344345,1289855,7152,368
27,521,0,DISTRICT,Pune,Total,1852,25,35,2151503,9429408,4924105,4505303,15643,603
27,522,0,DISTRICT,Ahmadnagar,Total,1581,3,19,930024,4543159,2342825,2200334,17048,266
27,523,0,DISTRICT,Bid,Total,1357,11,9,535835,2585049,1349106,1235943,10693,242
27,524,0,DISTRICT,Latur,Total,928,20,7,481572,2454196,1273140,1181056,7157,343
27,525,0,DISTRICT,Osmanabad,Total,728,5,8,351281,1657576,861535,796041,7569,219
27,526,0,DISTRICT,Solapur,Total,1143,11,13,873167,4317756,2227852,2089904,14895,290
27,527,0,DISTRICT,Satara,Total,1719,26,22,653735,3003741,1510842,1492899,10480,287
27,528,0,DISTRICT,Ratnagiri,Total,1531,6,16,397115,1615069,761121,853948,8208,197
27,529,0,DISTRICT,Sindhudurg,Total,740,8,8,209839,849651,417332,432319,5207,163
27,530,0,DISTRICT,Kolhapur,Total,1195,21,23,840240,3876001,1980658,1895343,7685,504
27,531,0,DISTRICT,Sangli,Total,725,3,7,598386,2822143,1435728,1386415,8572,329
28,532,0,DISTRICT,Adilabad,Total,1590,135,22,649849,2741239,1369597,1371642,16105,170
28,533,0,DISTRICT,Nizamabad,Total,847,65,8,593234,2551335,1250641,1300694,7956,321
28,534,0,DISTRICT,Karimnagar,Total,1037,42,13,976022,3776269,1880800,1895469,11823,319
28,535,0,DISTRICT,Medak,Total,1201,30,24,668626,3033288,1523030,1510258,9699,313
28,536,0,DISTRICT,Hyderabad,Total,0,0,3,849051,3943323,2018575,1924748,217,18172
28,537,0,DISTRICT,Rangareddy,Total,817,53,24,1235341,5296741,2701008,2595733,7493,707
28,538,0,DISTRICT,Mahbubnagar,Total,1465,72,18,869451,4053028,2050386,2002642,18432,220
28,539,0,DISTRICT,Nalgonda,Total,1107,28,17,875939,3488809,1759772,1729037,14240,245
28,540,0,DISTRICT,Warangal,Total,961,88,15,886279,3512576,1759281,1753295,12846,273
28,541,0,DISTRICT,Khammam,Total,1103,120,14,754034,2797370,1390988,1406382,16029,175
28,542,0,DISTRICT,Srikakulam,Total,1701,101,12,681330,2703114,1341738,1361376,5837,463
28,543,0,DISTRICT,Vizianagaram,Total,1452,68,14,587149,2344474,1161477,1182997,6539,359
28,544,0,DISTRICT,Visakhapatnam,Total,3072,193,15,1097042,4290589,2138910,2151679,11161,384
28,545,0,DISTRICT,East Godavari,Total,1312,62,19,1428528,5154296,2569688,2584608,10807,477
28,546,0,DISTRICT,West Godavari,Total,842,39,13,1091525,3936966,1964918,1972048,7742,509
28,547,0,DISTRICT,Krishna,Total,934,34,17,1243293,4517398,2267375,2250023,8727,518
28,548,0,DISTRICT,Guntur,Total,691,21,14,1296609,4887813,2440521,2447292,11391,429
28,549,0,DISTRICT,Prakasam,Total,985,96,13,860463,3397448,1714764,1682684,17626,193
28,550,0,DISTRICT,Sri Potti Sriramulu Nellore,Total,1093,84,10,776854,2963557,1492974,1470583,13076,227
28,551,0,DISTRICT,Y.S.R.,Total,830,89,18,706204,2882469,1451777,1430692,15359,188
28,552,0,DISTRICT,Kurnool,Total,870,28,12,887652,4053463,2039227,2014236,17658,230
28,553,0,DISTRICT,Anantapur,Total,921,28,16,968160,4081148,2064495,2016653,19130,213
28,554,0,DISTRICT,Chittoor,Total,1455,38,22,1039953,4174064,2090204,2083860,15152,275
29,555,0,DISTRICT,Belgaum,Total,1263,12,31,983854,4779661,2423063,2356598,13433,356
29,556,0,DISTRICT,Bagalkot ,Total,613,11,15,361149,1889752,950111,939641,6552,288
29,557,0,DISTRICT,Bijapur,Total,679,13,6,408806,2177331,1111022,1066309,10498,207
29,558,0,DISTRICT,Bidar,Total,595,25,7,319937,1703300,870665,832635,5448,313
29,559,0,DISTRICT,Raichur,Total,815,69,9,363853,1928812,964511,964301,8442,228
29,560,0,DISTRICT,Koppal,Total,595,34,5,264595,1389920,699926,689994,5570,250
29,561,0,DISTRICT,Gadag,Total,322,15,9,219096,1064570,537147,527423,4657,229
29,562,0,DISTRICT,Dharwad,Total,361,18,6,382700,1847023,937206,909817,4260,434
29,563,0,DISTRICT,Uttara Kannada,Total,1243,46,18,324530,1437169,726256,710913,10277,140
29,564,0,DISTRICT,Haveri,Total,696,7,10,330414,1597668,819128,778540,4823,331
29,565,0,DISTRICT,Bellary,Total,522,30,13,489118,2452595,1236954,1215641,8461,290
29,566,0,DISTRICT,Chitradurga,Total,948,115,8,357003,1659456,840843,818613,8436,197
29,567,0,DISTRICT,Davanagere,Total,800,123,8,410176,1945497,986400,959097,5924,328
29,568,0,DISTRICT,Shimoga,Total,1444,86,9,406816,1752753,877415,875338,8478,207
29,569,0,DISTRICT,Udupi,Total,233,0,20,253078,1177361,562131,615230,3582,329
29,570,0,DISTRICT,Chikmagalur,Total,1022,95,9,276085,1137961,566622,571339,7202,158
29,571,0,DISTRICT,Tumkur,Total,2582,133,12,640081,2678980,1350594,1328386,10597,253
29,572,0,DISTRICT,Bangalore,Total,562,26,16,2393845,9621551,5022661,4598890,2196,4381
29,573,0,DISTRICT,Mandya,Total,1368,109,9,428625,1805769,905085,900684,4962,364
29,574,0,DISTRICT,Hassan,Total,2418,156,11,433453,1776421,883667,892754,6814,261
29,575,0,DISTRICT,Dakshina Kannada,Total,331,0,41,439733,2089649,1034714,1054935,4861,430
29,576,0,DISTRICT,Kodagu,Total,291,5,5,142716,554519,274608,279911,4102,135
29,577,0,DISTRICT,Mysore,Total,1199,137,19,700968,3001127,1511600,1489527,6307,476
29,578,0,DISTRICT,Chamarajanagar,Total,428,81,5,244874,1020791,512231,508560,5648,181
29,579,0,DISTRICT,Gulbarga,Total,871,47,11,471601,2566326,1301755,1264571,10954,234
29,580,0,DISTRICT,Yadgir,Total,487,26,7,202063,1174271,590329,583942,5270,223
29,581,0,DISTRICT,Kolar,Total,1608,189,7,333348,1536401,776396,760005,3979,386
29,582,0,DISTRICT,Chikkaballapura,Total,1324,189,8,284698,1255104,636437,618667,4244,296
29,583,0,DISTRICT,Bangalore Rural,Total,957,94,7,229279,990923,509172,481751,2298,431
29,584,0,DISTRICT,Ramanagara,Total,820,52,6,260533,1082636,548008,534628,3516,308
30,585,0,DISTRICT,North Goa,Total,188,6,47,191766,818008,416677,401331,1736,471
30,586,0,DISTRICT,South Goa,Total,132,8,23,151845,640537,322463,318074,1966,326
31,587,0,DISTRICT,Lakshadweep,Total,6,15,6,11574,64473,33123,31350,30,2149
32,588,0,DISTRICT,Kasaragod,Total,93,0,27,273410,1307375,628613,678762,1989,657
32,589,0,DISTRICT,Kannur,Total,56,0,67,554298,2523003,1181446,1341557,2961,852
32,590,0,DISTRICT,Wayanad,Total,48,0,1,190894,817420,401684,415736,2130,384
32,591,0,DISTRICT,Kozhikode,Total,51,0,51,697710,3086293,1470942,1615351,2345,1316
32,592,0,DISTRICT,Malappuram,Total,83,0,44,793999,4112920,1960328,2152592,3554,1157
32,593,0,DISTRICT,Palakkad,Total,131,0,21,637220,2809934,1359478,1450456,4482,627
32,594,0,DISTRICT,Thrissur,Total,98,0,135,759210,3121200,1480763,1640437,3027,1031
32,595,0,DISTRICT,Ernakulam,Total,61,0,56,814011,3282388,1619557,1662831,3063,1072
32,596,0,DISTRICT,Idukki ,Total,64,0,1,279812,1108974,552808,556166,4356,255
32,597,0,DISTRICT,Kottayam,Total,80,0,17,487296,1974551,968289,1006262,2206,895
32,598,0,DISTRICT,Alappuzha,Total,51,1,38,535958,2127789,1013142,1114647,1415,1504
32,599,0,DISTRICT,Pathanamthitta,Total,64,0,4,322684,1197412,561716,635696,2652,452
32,600,0,DISTRICT,Kollam,Total,69,0,27,669375,2635375,1246968,1388407,2483,1061
32,601,0,DISTRICT,Thiruvananthapuram,Total,68,0,31,837877,3301427,1581678,1719749,2189,1508
33,602,0,DISTRICT,Thiruvallur,Total,582,35,58,946949,3728104,1876062,1852042,3394,1098
33,603,0,DISTRICT,Chennai,Total,0,0,1,1154982,4646732,2335844,2310888,175,26553
33,604,0,DISTRICT,Kancheepuram,Total,962,57,75,1006245,3998252,2012958,1985294,4483,892
33,605,0,DISTRICT,Vellore,Total,763,95,72,929281,3936331,1961688,1974643,6075,648
33,606,0,DISTRICT,Tiruvannamalai,Total,1039,56,22,588836,2464875,1235889,1228986,6188,398
33,607,0,DISTRICT,Viluppuram,Total,1431,55,19,800368,3458873,1740819,1718054,7194,481
33,608,0,DISTRICT,Salem,Total,517,68,68,915967,3482056,1781571,1700485,5237,665
33,609,0,DISTRICT,Namakkal   ,Total,362,27,34,475511,1726601,869280,857321,3420,505
33,610,0,DISTRICT,Erode,Total,287,19,59,658071,2251744,1129868,1121876,5760,391
33,611,0,DISTRICT,The Nilgiris,Total,40,0,18,197653,735394,360143,375251,2565,287
33,612,0,DISTRICT,Dindigul,Total,330,32,34,560773,2159775,1080938,1078837,6036,358
33,613,0,DISTRICT,Karur ,Total,169,1,19,287095,1064493,528184,536309,2904,367
33,614,0,DISTRICT,Tiruchirappalli,Total,431,40,31,698404,2722290,1352284,1370006,4509,604
33,615,0,DISTRICT,Perambalur  ,Total,147,12,5,149243,565223,282157,283066,1756,322
33,616,0,DISTRICT,Ariyalur  ,Total,189,24,4,197090,754894,374703,380191,1940,389
33,617,0,DISTRICT,Cuddalore,Total,799,29,30,635578,2605914,1311697,1294217,3703,704
33,618,0,DISTRICT,Nagapattinam  ,Total,486,5,14,413837,1616450,798127,818323,2569,629
33,619,0,DISTRICT,Thiruvarur,Total,538,9,11,327219,1264277,626693,637584,2274,556
33,620,0,DISTRICT,Thanjavur,Total,789,16,34,605363,2405890,1182416,1223474,3411,705
33,621,0,DISTRICT,Pudukkottai,Total,732,18,16,387679,1618345,803188,815157,4644,348
33,622,0,DISTRICT,Sivaganga,Total,508,7,16,338938,1339101,668672,670429,4233,316
33,623,0,DISTRICT,Madurai,Total,526,44,39,794887,3038252,1526475,1511777,3710,819
33,624,0,DISTRICT,Theni  ,Total,80,18,28,338112,1245899,625683,620216,2868,434
33,625,0,DISTRICT,Virudhunagar,Total,475,95,44,537748,1942288,967709,974579,4241,458
33,626,0,DISTRICT,Ramanathapuram,Total,383,10,17,323905,1353445,682658,670787,4104,330
33,627,0,DISTRICT,Thoothukkudi,Total,432,7,35,462010,1750176,865021,885155,4745,369
33,628,0,DISTRICT,Tirunelveli ,Total,430,35,53,815528,3077233,1520912,1556321,6693,460
33,629,0,DISTRICT,Kanniyakumari,Total,56,7,96,483539,1870374,926345,944029,1684,1111
33,630,0,DISTRICT,Dharmapuri,Total,448,38,13,375873,1506843,774303,732540,4497,335
33,631,0,DISTRICT,Krishnagiri,Total,602,53,14,448053,1879809,960232,919577,5129,367
33,632,0,DISTRICT,Coimbatore,Total,219,18,69,958035,3458045,1729297,1728748,4732,731
33,633,0,DISTRICT,Tiruppur,Total,297,0,49,712210,2479052,1246159,1232893,5187,478
34,634,0,DISTRICT,Yanam,Total,0,0,1,13812,55626,27301,28325,30,1854
34,635,0,DISTRICT,Puducherry,Total,62,0,6,231513,950289,468258,482031,294,3232
34,636,0,DISTRICT,Mahe,Total,0,0,1,7420,41816,19143,22673,9,4646
34,637,0,DISTRICT,Karaikal,Total,28,0,2,49705,200222,97809,102413,157,1275
35,638,0,DISTRICT,Nicobars,Total,90,110,0,9288,36842,20727,16115,1841,20
35,639,0,DISTRICT,North  & Middle Andaman,Total,198,29,1,26199,105597,54861,50736,3736,28
35,640,0,DISTRICT,South Andaman,Total,108,20,4,59064,238142,127283,110859,2672,89
